0.099,-0.099,0.0,0.0,-0.0,1.0,2.4,40800.0,0.009,0,0.01,0.01,0.003,4.305177
0.099,-0.088,0.0,0.0,-0.0,1.0,2.4,40800.0,0.009,0,0.01,0.01,0.003,3.3416574
0.099,-0.077,0.0,0.0,-0.0,1.0,2.4,40800.0,0.009,0,0.01,0.01,0.003,1.99049
0.099,-0.066,0.0,0.0,-0.0,1.0,2.4,40800.0,0.009,0,0.01,0.01,0.003,0.19069299
0.099,-0.055,0.0,0.0,-0.0,1.0,2.4,40800.0,0.009,0,0.01,0.01,0.003,4.1584244
0.099,-0.044,0.0,0.0,-0.0,1.0,2.4,40800.0,0.009,0,0.01,0.01,0.003,1.25651
0.099,-0.033,0.0,0.0,-0.0,1.0,2.4,40800.0,0.009,0,0.01,0.01,0.003,3.9804525
0.099,-0.022,0.0,0.0,-0.0,1.0,2.4,40800.0,0.009,0,0.01,0.01,0.003,5.9815245
0.099,-0.011,0.0,0.0,-0.0,1.0,2.4,40800.0,0.009,0,0.01,0.01,0.003,0.92277336
0.099,-0.0,0.0,0.0,-0.0,1.0,2.4,40800.0,0.009,0,0.01,0.01,0.003,1.3350607
0.099,0.011,0.0,0.0,-0.0,1.0,2.4,40800.0,0.009,0,0.01,0.01,0.003,0.9227793
0.099,0.022,0.0,0.0,-0.0,1.0,2.4,40800.0,0.009,0,0.01,0.01,0.003,5.9815307
0.099,0.033,0.0,0.0,-0.0,1.0,2.4,40800.0,0.009,0,0.01,0.01,0.003,3.9804645
0.099,0.044,0.0,0.0,-0.0,1.0,2.4,40800.0,0.009,0,0.01,0.01,0.003,1.256528
0.099,0.055,0.0,0.0,-0.0,1.0,2.4,40800.0,0.009,0,0.01,0.01,0.003,4.158448
0.099,0.066,0.0,0.0,-0.0,1.0,2.4,40800.0,0.009,0,0.01,0.01,0.003,0.19071697
0.099,0.077,0.0,0.0,-0.0,1.0,2.4,40800.0,0.009,0,0.01,0.01,0.003,1.9905139
0.099,0.088,0.0,0.0,-0.0,1.0,2.4,40800.0,0.009,0,0.01,0.01,0.003,3.3416693
0.099,0.099,0.0,0.0,-0.0,1.0,2.4,40800.0,0.009,0,0.01,0.01,0.003,4.305201
0.088,-0.099,0.0,0.0,-0.0,1.0,2.4,40800.0,0.009,0,0.01,0.01,0.003,3.676892
0.088,-0.088,0.0,0.0,-0.0,1.0,2.4,40800.0,0.009,0,0.01,0.01,0.003,3.0213969
0.088,-0.077,0.0,0.0,-0.0,1.0,2.4,40800.0,0.009,0,0.01,0.01,0.003,1.9884526
0.088,-0.066,0.0,0.0,-0.0,1.0,2.4,40800.0,0.009,0,0.01,0.01,0.003,0.5100666
0.088,-0.055,0.0,0.0,-0.0,1.0,2.4,40800.0,0.009,0,0.01,0.01,0.003,4.79218
0.088,-0.044,0.0,0.0,-0.0,1.0,2.4,40800.0,0.009,0,0.01,0.01,0.003,2.1839273
0.088,-0.033,0.0,0.0,-0.0,1.0,2.4,40800.0,0.009,0,0.01,0.01,0.003,5.1641283
0.088,-0.022,0.0,0.0,-0.0,1.0,2.4,40800.0,0.009,0,0.01,0.01,0.003,1.0827987
0.088,-0.011,0.0,0.0,-0.0,1.0,2.4,40800.0,0.009,0,0.01,0.01,0.003,2.4357939
0.088,-0.0,0.0,0.0,-0.0,1.0,2.4,40800.0,0.009,0,0.01,0.01,0.003,2.8924108
0.088,0.011,0.0,0.0,-0.0,1.0,2.4,40800.0,0.009,0,0.01,0.01,0.003,2.4357998
0.088,0.022,0.0,0.0,-0.0,1.0,2.4,40800.0,0.009,0,0.01,0.01,0.003,1.0828047
0.088,0.033,0.0,0.0,-0.0,1.0,2.4,40800.0,0.009,0,0.01,0.01,0.003,5.1641464
0.088,0.044,0.0,0.0,-0.0,1.0,2.4,40800.0,0.009,0,0.01,0.01,0.003,2.1839392
0.088,0.055,0.0,0.0,-0.0,1.0,2.4,40800.0,0.009,0,0.01,0.01,0.003,4.792204
0.088,0.066,0.0,0.0,-0.0,1.0,2.4,40800.0,0.009,0,0.01,0.01,0.003,0.5100906
0.088,0.077,0.0,0.0,-0.0,1.0,2.4,40800.0,0.009,0,0.01,0.01,0.003,1.9884826
0.088,0.088,0.0,0.0,-0.0,1.0,2.4,40800.0,0.009,0,0.01,0.01,0.003,3.021421
0.088,0.099,0.0,0.0,-0.0,1.0,2.4,40800.0,0.009,0,0.01,0.01,0.003,3.6769161
0.077,-0.099,0.0,0.0,-0.0,1.0,2.4,40800.0,0.009,0,0.01,0.01,0.003,2.6959174
0.077,-0.088,0.0,0.0,-0.0,1.0,2.4,40800.0,0.009,0,0.01,0.01,0.003,2.3646014
0.077,-0.077,0.0,0.0,-0.0,1.0,2.4,40800.0,0.009,0,0.01,0.01,0.003,1.6733094
0.077,-0.066,0.0,0.0,-0.0,1.0,2.4,40800.0,0.009,0,0.01,0.01,0.003,0.5475892
0.077,-0.055,0.0,0.0,-0.0,1.0,2.4,40800.0,0.009,0,0.01,0.01,0.003,5.182704
0.077,-0.044,0.0,0.0,-0.0,1.0,2.4,40800.0,0.009,0,0.01,0.01,0.003,2.911999
0.077,-0.033,0.0,0.0,-0.0,1.0,2.4,40800.0,0.009,0,0.01,0.01,0.003,6.1934776
0.077,-0.022,0.0,0.0,-0.0,1.0,2.4,40800.0,0.009,0,0.01,0.01,0.003,2.352887
0.077,-0.011,0.0,0.0,-0.0,1.0,2.4,40800.0,0.009,0,0.01,0.01,0.003,3.862312
0.077,-0.0,0.0,0.0,-0.0,1.0,2.4,40800.0,0.009,0,0.01,0.01,0.003,4.3732777
0.077,0.011,0.0,0.0,-0.0,1.0,2.4,40800.0,0.009,0,0.01,0.01,0.003,3.862318
0.077,0.022,0.0,0.0,-0.0,1.0,2.4,40800.0,0.009,0,0.01,0.01,0.003,2.3528929
0.077,0.033,0.0,0.0,-0.0,1.0,2.4,40800.0,0.009,0,0.01,0.01,0.003,6.1934958
0.077,0.044,0.0,0.0,-0.0,1.0,2.4,40800.0,0.009,0,0.01,0.01,0.003,2.9120228
0.077,0.055,0.0,0.0,-0.0,1.0,2.4,40800.0,0.009,0,0.01,0.01,0.003,5.182716
0.077,0.066,0.0,0.0,-0.0,1.0,2.4,40800.0,0.009,0,0.01,0.01,0.003,0.5476132
0.077,0.077,0.0,0.0,-0.0,1.0,2.4,40800.0,0.009,0,0.01,0.01,0.003,1.6733394
0.077,0.088,0.0,0.0,-0.0,1.0,2.4,40800.0,0.009,0,0.01,0.01,0.003,2.3646314
0.077,0.099,0.0,0.0,-0.0,1.0,2.4,40800.0,0.009,0,0.01,0.01,0.003,2.6959534
0.066,-0.099,0.0,0.0,-0.0,1.0,2.4,40800.0,0.009,0,0.01,0.01,0.003,1.3018644
0.066,-0.088,0.0,0.0,-0.0,1.0,2.4,40800.0,0.009,0,0.01,0.01,0.003,1.3056873
0.066,-0.077,0.0,0.0,-0.0,1.0,2.4,40800.0,0.009,0,0.01,0.01,0.003,0.9755639
0.066,-0.066,0.0,0.0,-0.0,1.0,2.4,40800.0,0.009,0,0.01,0.01,0.003,0.23211047
0.066,-0.055,0.0,0.0,-0.0,1.0,2.4,40800.0,0.009,0,0.01,0.01,0.003,5.2605057
0.066,-0.044,0.0,0.0,-0.0,1.0,2.4,40800.0,0.009,0,0.01,0.01,0.003,3.376927
0.066,-0.033,0.0,0.0,-0.0,1.0,2.4,40800.0,0.009,0,0.01,0.01,0.003,0.7307741
0.066,-0.022,0.0,0.0,-0.0,1.0,2.4,40800.0,0.009,0,0.01,0.01,0.003,3.4649212
0.066,-0.011,0.0,0.0,-0.0,1.0,2.4,40800.0,0.009,0,0.01,0.01,0.003,5.167604
0.066,-0.0,0.0,0.0,-0.0,1.0,2.4,40800.0,0.009,0,0.01,0.01,0.003,5.746454
0.066,0.011,0.0,0.0,-0.0,1.0,2.4,40800.0,0.009,0,0.01,0.01,0.003,5.1676097
0.066,0.022,0.0,0.0,-0.0,1.0,2.4,40800.0,0.009,0,0.01,0.01,0.003,3.4649332
0.066,0.033,0.0,0.0,-0.0,1.0,2.4,40800.0,0.009,0,0.01,0.01,0.003,0.73079205
0.066,0.044,0.0,0.0,-0.0,1.0,2.4,40800.0,0.009,0,0.01,0.01,0.003,3.376951
0.066,0.055,0.0,0.0,-0.0,1.0,2.4,40800.0,0.009,0,0.01,0.01,0.003,5.260524
0.066,0.066,0.0,0.0,-0.0,1.0,2.4,40800.0,0.009,0,0.01,0.01,0.003,0.23214044
0.066,0.077,0.0,0.0,-0.0,1.0,2.4,40800.0,0.009,0,0.01,0.01,0.003,0.9755998
0.066,0.088,0.0,0.0,-0.0,1.0,2.4,40800.0,0.009,0,0.01,0.01,0.003,1.3057173
0.066,0.099,0.0,0.0,-0.0,1.0,2.4,40800.0,0.009,0,0.01,0.01,0.003,1.3019003
0.055,-0.099,0.0,0.0,-0.0,1.0,2.4,40800.0,0.009,0,0.01,0.01,0.003,5.7094526
0.055,-0.088,0.0,0.0,-0.0,1.0,2.4,40800.0,0.009,0,0.01,0.01,0.003,6.0508714
0.055,-0.077,0.0,0.0,-0.0,1.0,2.4,40800.0,0.009,0,0.01,0.01,0.003,6.093553
0.055,-0.066,0.0,0.0,-0.0,1.0,2.4,40800.0,0.009,0,0.01,0.01,0.003,5.7560296
0.055,-0.055,0.0,0.0,-0.0,1.0,2.4,40800.0,0.009,0,0.01,0.01,0.003,4.932557
0.055,-0.044,0.0,0.0,-0.0,1.0,2.4,40800.0,0.009,0,0.01,0.01,0.003,3.4888597
0.055,-0.033,0.0,0.0,-0.0,1.0,2.4,40800.0,0.009,0,0.01,0.01,0.003,1.2618191
0.055,-0.022,0.0,0.0,-0.0,1.0,2.4,40800.0,0.009,0,0.01,0.01,0.003,4.351694
0.055,-0.011,0.0,0.0,-0.0,1.0,2.4,40800.0,0.009,0,0.01,0.01,0.003,0.01354517
0.055,-0.0,0.0,0.0,-0.0,1.0,2.4,40800.0,0.009,0,0.01,0.01,0.003,0.6788464
0.055,0.011,0.0,0.0,-0.0,1.0,2.4,40800.0,0.009,0,0.01,0.01,0.003,0.013551163
0.055,0.022,0.0,0.0,-0.0,1.0,2.4,40800.0,0.009,0,0.01,0.01,0.003,4.3517118
0.055,0.033,0.0,0.0,-0.0,1.0,2.4,40800.0,0.009,0,0.01,0.01,0.003,1.2618431
0.055,0.044,0.0,0.0,-0.0,1.0,2.4,40800.0,0.009,0,0.01,0.01,0.003,3.4888835
0.055,0.055,0.0,0.0,-0.0,1.0,2.4,40800.0,0.009,0,0.01,0.01,0.003,4.9325814
0.055,0.066,0.0,0.0,-0.0,1.0,2.4,40800.0,0.009,0,0.01,0.01,0.003,5.7560654
0.055,0.077,0.0,0.0,-0.0,1.0,2.4,40800.0,0.009,0,0.01,0.01,0.003,6.093583
0.055,0.088,0.0,0.0,-0.0,1.0,2.4,40800.0,0.009,0,0.01,0.01,0.003,6.0509133
0.055,0.099,0.0,0.0,-0.0,1.0,2.4,40800.0,0.009,0,0.01,0.01,0.003,5.709489
0.044,-0.099,0.0,0.0,-0.0,1.0,2.4,40800.0,0.009,0,0.01,0.01,0.003,3.2770984
0.044,-0.088,0.0,0.0,-0.0,1.0,2.4,40800.0,0.009,0,0.01,0.01,0.003,3.946004
0.044,-0.077,0.0,0.0,-0.0,1.0,2.4,40800.0,0.009,0,0.01,0.01,0.003,4.3597775
0.044,-0.066,0.0,0.0,-0.0,1.0,2.4,40800.0,0.009,0,0.01,0.01,0.003,4.4391427
0.044,-0.055,0.0,0.0,-0.0,1.0,2.4,40800.0,0.009,0,0.01,0.01,0.003,4.07535
0.044,-0.044,0.0,0.0,-0.0,1.0,2.4,40800.0,0.009,0,0.01,0.01,0.003,3.120896
0.044,-0.033,0.0,0.0,-0.0,1.0,2.4,40800.0,0.009,0,0.01,0.01,0.003,1.3822396
0.044,-0.022,0.0,0.0,-0.0,1.0,2.4,40800.0,0.009,0,0.01,0.01,0.003,4.906249
0.044,-0.011,0.0,0.0,-0.0,1.0,2.4,40800.0,0.009,0,0.01,0.01,0.003,0.87553155
0.044,-0.0,0.0,0.0,-0.0,1.0,2.4,40800.0,0.009,0,0.01,0.01,0.003,1.6529872
0.044,0.011,0.0,0.0,-0.0,1.0,2.4,40800.0,0.009,0,0.01,0.01,0.003,0.87554353
0.044,0.022,0.0,0.0,-0.0,1.0,2.4,40800.0,0.009,0,0.01,0.01,0.003,4.906264
0.044,0.033,0.0,0.0,-0.0,1.0,2.4,40800.0,0.009,0,0.01,0.01,0.003,1.3822606
0.044,0.044,0.0,0.0,-0.0,1.0,2.4,40800.0,0.009,0,0.01,0.01,0.003,3.12092
0.044,0.055,0.0,0.0,-0.0,1.0,2.4,40800.0,0.009,0,0.01,0.01,0.003,4.0753794
0.044,0.066,0.0,0.0,-0.0,1.0,2.4,40800.0,0.009,0,0.01,0.01,0.003,4.439179
0.044,0.077,0.0,0.0,-0.0,1.0,2.4,40800.0,0.009,0,0.01,0.01,0.003,4.359813
0.044,0.088,0.0,0.0,-0.0,1.0,2.4,40800.0,0.009,0,0.01,0.01,0.003,3.946034
0.044,0.099,0.0,0.0,-0.0,1.0,2.4,40800.0,0.009,0,0.01,0.01,0.003,3.2771404
0.033,-0.099,0.0,0.0,-0.0,1.0,2.4,40800.0,0.009,0,0.01,0.01,0.003,0.20901088
0.033,-0.088,0.0,0.0,-0.0,1.0,2.4,40800.0,0.009,0,0.01,0.01,0.003,1.1784568
0.033,-0.077,0.0,0.0,-0.0,1.0,2.4,40800.0,0.009,0,0.01,0.01,0.003,1.941828
0.033,-0.066,0.0,0.0,-0.0,1.0,2.4,40800.0,0.009,0,0.01,0.01,0.003,2.4269555
0.033,-0.055,0.0,0.0,-0.0,1.0,2.4,40800.0,0.009,0,0.01,0.01,0.003,2.529157
0.033,-0.044,0.0,0.0,-0.0,1.0,2.4,40800.0,0.009,0,0.01,0.01,0.003,2.0959182
0.033,-0.033,0.0,0.0,-0.0,1.0,2.4,40800.0,0.009,0,0.01,0.01,0.003,0.90850616
0.033,-0.022,0.0,0.0,-0.0,1.0,2.4,40800.0,0.009,0,0.01,0.01,0.003,4.9535866
0.033,-0.011,0.0,0.0,-0.0,1.0,2.4,40800.0,0.009,0,0.01,0.01,0.003,1.3126712
0.033,-0.0,0.0,0.0,-0.0,1.0,2.4,40800.0,0.009,0,0.01,0.01,0.003,2.2371523
0.033,0.011,0.0,0.0,-0.0,1.0,2.4,40800.0,0.009,0,0.01,0.01,0.003,1.3126801
0.033,0.022,0.0,0.0,-0.0,1.0,2.4,40800.0,0.009,0,0.01,0.01,0.003,4.9536076
0.033,0.033,0.0,0.0,-0.0,1.0,2.4,40800.0,0.009,0,0.01,0.01,0.003,0.9085331
0.033,0.044,0.0,0.0,-0.0,1.0,2.4,40800.0,0.009,0,0.01,0.01,0.003,2.0959451
0.033,0.055,0.0,0.0,-0.0,1.0,2.4,40800.0,0.009,0,0.01,0.01,0.003,2.529193
0.033,0.066,0.0,0.0,-0.0,1.0,2.4,40800.0,0.009,0,0.01,0.01,0.003,2.4269915
0.033,0.077,0.0,0.0,-0.0,1.0,2.4,40800.0,0.009,0,0.01,0.01,0.003,1.9418579
0.033,0.088,0.0,0.0,-0.0,1.0,2.4,40800.0,0.009,0,0.01,0.01,0.003,1.1784928
0.033,0.099,0.0,0.0,-0.0,1.0,2.4,40800.0,0.009,0,0.01,0.01,0.003,0.20905283
0.022,-0.099,0.0,0.0,-0.0,1.0,2.4,40800.0,0.009,0,0.01,0.01,0.003,2.710676
0.022,-0.088,0.0,0.0,-0.0,1.0,2.4,40800.0,0.009,0,0.01,0.01,0.003,3.9335582
0.022,-0.077,0.0,0.0,-0.0,1.0,2.4,40800.0,0.009,0,0.01,0.01,0.003,4.9990096
0.022,-0.066,0.0,0.0,-0.0,1.0,2.4,40800.0,0.009,0,0.01,0.01,0.003,5.846097
0.022,-0.055,0.0,0.0,-0.0,1.0,2.4,40800.0,0.009,0,0.01,0.01,0.003,0.09844142
0.022,-0.044,0.0,0.0,-0.0,1.0,2.4,40800.0,0.009,0,0.01,0.01,0.003,0.17668343
0.022,-0.033,0.0,0.0,-0.0,1.0,2.4,40800.0,0.009,0,0.01,0.01,0.003,5.851259
0.022,-0.022,0.0,0.0,-0.0,1.0,2.4,40800.0,0.009,0,0.01,0.01,0.003,4.20486
0.022,-0.011,0.0,0.0,-0.0,1.0,2.4,40800.0,0.009,0,0.01,0.01,0.003,1.0416299
0.022,-0.0,0.0,0.0,-0.0,1.0,2.4,40800.0,0.009,0,0.01,0.01,0.003,2.1554527
0.022,0.011,0.0,0.0,-0.0,1.0,2.4,40800.0,0.009,0,0.01,0.01,0.003,1.041642
0.022,0.022,0.0,0.0,-0.0,1.0,2.4,40800.0,0.009,0,0.01,0.01,0.003,4.204881
0.022,0.033,0.0,0.0,-0.0,1.0,2.4,40800.0,0.009,0,0.01,0.01,0.003,5.851286
0.022,0.044,0.0,0.0,-0.0,1.0,2.4,40800.0,0.009,0,0.01,0.01,0.003,0.17671639
0.022,0.055,0.0,0.0,-0.0,1.0,2.4,40800.0,0.009,0,0.01,0.01,0.003,0.098474376
0.022,0.066,0.0,0.0,-0.0,1.0,2.4,40800.0,0.009,0,0.01,0.01,0.003,5.8461328
0.022,0.077,0.0,0.0,-0.0,1.0,2.4,40800.0,0.009,0,0.01,0.01,0.003,4.999046
0.022,0.088,0.0,0.0,-0.0,1.0,2.4,40800.0,0.009,0,0.01,0.01,0.003,3.9336002
0.022,0.099,0.0,0.0,-0.0,1.0,2.4,40800.0,0.009,0,0.01,0.01,0.003,2.7107239
0.011,-0.099,0.0,0.0,-0.0,1.0,2.4,40800.0,0.009,0,0.01,0.01,0.003,4.4295793
0.011,-0.088,0.0,0.0,-0.0,1.0,2.4,40800.0,0.009,0,0.01,0.01,0.003,5.83769
0.011,-0.077,0.0,0.0,-0.0,1.0,2.4,40800.0,0.009,0,0.01,0.01,0.003,0.8452833
0.011,-0.066,0.0,0.0,-0.0,1.0,2.4,40800.0,0.009,0,0.01,0.01,0.003,1.969871
0.011,-0.055,0.0,0.0,-0.0,1.0,2.4,40800.0,0.009,0,0.01,0.01,0.003,2.8502831
0.011,-0.044,0.0,0.0,-0.0,1.0,2.4,40800.0,0.009,0,0.01,0.01,0.003,3.357171
0.011,-0.033,0.0,0.0,-0.0,1.0,2.4,40800.0,0.009,0,0.01,0.01,0.003,3.2688172
0.011,-0.022,0.0,0.0,-0.0,1.0,2.4,40800.0,0.009,0,0.01,0.01,0.003,2.2040489
0.011,-0.011,0.0,0.0,-0.0,1.0,2.4,40800.0,0.009,0,0.01,0.01,0.003,5.841195
0.011,-0.0,0.0,0.0,-0.0,1.0,2.4,40800.0,0.009,0,0.01,0.01,0.003,0.8913642
0.011,0.011,0.0,0.0,-0.0,1.0,2.4,40800.0,0.009,0,0.01,0.01,0.003,5.841207
0.011,0.022,0.0,0.0,-0.0,1.0,2.4,40800.0,0.009,0,0.01,0.01,0.003,2.2040727
0.011,0.033,0.0,0.0,-0.0,1.0,2.4,40800.0,0.009,0,0.01,0.01,0.003,3.2688503
0.011,0.044,0.0,0.0,-0.0,1.0,2.4,40800.0,0.009,0,0.01,0.01,0.003,3.3572068
0.011,0.055,0.0,0.0,-0.0,1.0,2.4,40800.0,0.009,0,0.01,0.01,0.003,2.8503222
0.011,0.066,0.0,0.0,-0.0,1.0,2.4,40800.0,0.009,0,0.01,0.01,0.003,1.969907
0.011,0.077,0.0,0.0,-0.0,1.0,2.4,40800.0,0.009,0,0.01,0.01,0.003,0.8453313
0.011,0.088,0.0,0.0,-0.0,1.0,2.4,40800.0,0.009,0,0.01,0.01,0.003,5.837732
0.011,0.099,0.0,0.0,-0.0,1.0,2.4,40800.0,0.009,0,0.01,0.01,0.003,4.429621
0.0,-0.099,0.0,0.0,-0.0,1.0,2.4,40800.0,0.009,0,0.01,0.01,0.003,5.3128347
0.0,-0.088,0.0,0.0,-0.0,1.0,2.4,40800.0,0.009,0,0.01,0.01,0.003,0.53675544
0.0,-0.077,0.0,0.0,-0.0,1.0,2.4,40800.0,0.009,0,0.01,0.01,0.003,1.9496118
0.0,-0.066,0.0,0.0,-0.0,1.0,2.4,40800.0,0.009,0,0.01,0.01,0.003,3.227388
0.0,-0.055,0.0,0.0,-0.0,1.0,2.4,40800.0,0.009,0,0.01,0.01,0.003,4.3033853
0.0,-0.044,0.0,0.0,-0.0,1.0,2.4,40800.0,0.009,0,0.01,0.01,0.003,5.062967
0.0,-0.033,0.0,0.0,-0.0,1.0,2.4,40800.0,0.009,0,0.01,0.01,0.003,5.299134
0.0,-0.022,0.0,0.0,-0.0,1.0,2.4,40800.0,0.009,0,0.01,0.01,0.003,4.6269865
0.0,-0.011,0.0,0.0,-0.0,1.0,2.4,40800.0,0.009,0,0.01,0.01,0.003,2.3647752
0.0,-0.0,0.0,0.0,-0.0,1.0,2.4,40800.0,0.009,0,0.01,0.01,0.003,3.8734424
0.0,0.011,0.0,0.0,-0.0,1.0,2.4,40800.0,0.009,0,0.01,0.01,0.003,2.3647902
0.0,0.022,0.0,0.0,-0.0,1.0,2.4,40800.0,0.009,0,0.01,0.01,0.003,4.6270165
0.0,0.033,0.0,0.0,-0.0,1.0,2.4,40800.0,0.009,0,0.01,0.01,0.003,5.2991667
0.0,0.044,0.0,0.0,-0.0,1.0,2.4,40800.0,0.009,0,0.01,0.01,0.003,5.0630026
0.0,0.055,0.0,0.0,-0.0,1.0,2.4,40800.0,0.009,0,0.01,0.01,0.003,4.3034244
0.0,0.066,0.0,0.0,-0.0,1.0,2.4,40800.0,0.009,0,0.01,0.01,0.003,3.2274299
0.0,0.077,0.0,0.0,-0.0,1.0,2.4,40800.0,0.009,0,0.01,0.01,0.003,1.9496477
0.0,0.088,0.0,0.0,-0.0,1.0,2.4,40800.0,0.009,0,0.01,0.01,0.003,0.53679144
0.0,0.099,0.0,0.0,-0.0,1.0,2.4,40800.0,0.009,0,0.01,0.01,0.003,5.3128767
-0.011,-0.099,0.0,0.0,-0.0,1.0,2.4,40800.0,0.009,0,0.01,0.01,0.003,8.473045
-0.011,-0.088,0.0,0.0,-0.0,1.0,2.4,40800.0,0.009,0,0.01,0.01,0.003,3.699075
-0.011,-0.077,0.0,0.0,-0.0,1.0,2.4,40800.0,0.009,0,0.01,0.01,0.003,5.1145496
-0.011,-0.066,0.0,0.0,-0.0,1.0,2.4,40800.0,0.009,0,0.01,0.01,0.003,6.3956394
-0.011,-0.055,0.0,0.0,-0.0,1.0,2.4,40800.0,0.009,0,0.01,0.01,0.003,7.4759097
-0.011,-0.044,0.0,0.0,-0.0,1.0,2.4,40800.0,0.009,0,0.01,0.01,0.003,8.241091
-0.011,-0.033,0.0,0.0,-0.0,1.0,2.4,40800.0,0.009,0,0.01,0.01,0.003,8.484619
-0.011,-0.022,0.0,0.0,-0.0,1.0,2.4,40800.0,0.009,0,0.01,0.01,0.003,7.8216815
-0.011,-0.011,0.0,0.0,-0.0,1.0,2.4,40800.0,0.009,0,0.01,0.01,0.003,5.5688715
-0.011,-0.0,0.0,0.0,-0.0,1.0,2.4,40800.0,0.009,0,0.01,0.01,0.003,7.081988
-0.011,0.011,0.0,0.0,-0.0,1.0,2.4,40800.0,0.009,0,0.01,0.01,0.003,5.5688868
-0.011,0.022,0.0,0.0,-0.0,1.0,2.4,40800.0,0.009,0,0.01,0.01,0.003,7.821708
-0.011,0.033,0.0,0.0,-0.0,1.0,2.4,40800.0,0.009,0,0.01,0.01,0.003,8.484652
-0.011,0.044,0.0,0.0,-0.0,1.0,2.4,40800.0,0.009,0,0.01,0.01,0.003,8.241129
-0.011,0.055,0.0,0.0,-0.0,1.0,2.4,40800.0,0.009,0,0.01,0.01,0.003,7.4759455
-0.011,0.066,0.0,0.0,-0.0,1.0,2.4,40800.0,0.009,0,0.01,0.01,0.003,6.3956814
-0.011,0.077,0.0,0.0,-0.0,1.0,2.4,40800.0,0.009,0,0.01,0.01,0.003,5.114586
-0.011,0.088,0.0,0.0,-0.0,1.0,2.4,40800.0,0.009,0,0.01,0.01,0.003,3.699117
-0.011,0.099,0.0,0.0,-0.0,1.0,2.4,40800.0,0.009,0,0.01,0.01,0.003,8.473087
-0.022,-0.099,0.0,0.0,-0.0,1.0,2.4,40800.0,0.009,0,0.01,0.01,0.003,7.6263833
-0.022,-0.088,0.0,0.0,-0.0,1.0,2.4,40800.0,0.009,0,0.01,0.01,0.003,9.040606
-0.022,-0.077,0.0,0.0,-0.0,1.0,2.4,40800.0,0.009,0,0.01,0.01,0.003,4.0556955
-0.022,-0.066,0.0,0.0,-0.0,1.0,2.4,40800.0,0.009,0,0.01,0.01,0.003,5.189625
-0.022,-0.055,0.0,0.0,-0.0,1.0,2.4,40800.0,0.009,0,0.01,0.01,0.003,6.081877
-0.022,-0.044,0.0,0.0,-0.0,1.0,2.4,40800.0,0.009,0,0.01,0.01,0.003,6.6038413
-0.022,-0.033,0.0,0.0,-0.0,1.0,2.4,40800.0,0.009,0,0.01,0.01,0.003,6.5344586
-0.022,-0.022,0.0,0.0,-0.0,1.0,2.4,40800.0,0.009,0,0.01,0.01,0.003,5.491951
-0.022,-0.011,0.0,0.0,-0.0,1.0,2.4,40800.0,0.009,0,0.01,0.01,0.003,9.150037
-0.022,-0.0,0.0,0.0,-0.0,1.0,2.4,40800.0,0.009,0,0.01,0.01,0.003,4.209471
-0.022,0.011,0.0,0.0,-0.0,1.0,2.4,40800.0,0.009,0,0.01,0.01,0.003,9.150049
-0.022,0.022,0.0,0.0,-0.0,1.0,2.4,40800.0,0.009,0,0.01,0.01,0.003,5.491978
-0.022,0.033,0.0,0.0,-0.0,1.0,2.4,40800.0,0.009,0,0.01,0.01,0.003,6.5344887
-0.022,0.044,0.0,0.0,-0.0,1.0,2.4,40800.0,0.009,0,0.01,0.01,0.003,6.6038775
-0.022,0.055,0.0,0.0,-0.0,1.0,2.4,40800.0,0.009,0,0.01,0.01,0.003,6.0819163
-0.022,0.066,0.0,0.0,-0.0,1.0,2.4,40800.0,0.009,0,0.01,0.01,0.003,5.189673
-0.022,0.077,0.0,0.0,-0.0,1.0,2.4,40800.0,0.009,0,0.01,0.01,0.003,4.0557375
-0.022,0.088,0.0,0.0,-0.0,1.0,2.4,40800.0,0.009,0,0.01,0.01,0.003,9.040642
-0.022,0.099,0.0,0.0,-0.0,1.0,2.4,40800.0,0.009,0,0.01,0.01,0.003,7.6264195
-0.033,-0.099,0.0,0.0,-0.0,1.0,2.4,40800.0,0.009,0,0.01,0.01,0.003,5.9423003
-0.033,-0.088,0.0,0.0,-0.0,1.0,2.4,40800.0,0.009,0,0.01,0.01,0.003,7.17465
-0.033,-0.077,0.0,0.0,-0.0,1.0,2.4,40800.0,0.009,0,0.01,0.01,0.003,8.251523
-0.033,-0.066,0.0,0.0,-0.0,1.0,2.4,40800.0,0.009,0,0.01,0.01,0.003,9.112517
-0.033,-0.055,0.0,0.0,-0.0,1.0,2.4,40800.0,0.009,0,0.01,0.01,0.003,3.3818765
-0.033,-0.044,0.0,0.0,-0.0,1.0,2.4,40800.0,0.009,0,0.01,0.01,0.003,3.4807823
-0.033,-0.033,0.0,0.0,-0.0,1.0,2.4,40800.0,0.009,0,0.01,0.01,0.003,9.179653
-0.033,-0.022,0.0,0.0,-0.0,1.0,2.4,40800.0,0.009,0,0.01,0.01,0.003,7.5592747
-0.033,-0.011,0.0,0.0,-0.0,1.0,2.4,40800.0,0.009,0,0.01,0.01,0.003,4.4180655
-0.033,-0.0,0.0,0.0,-0.0,1.0,2.4,40800.0,0.009,0,0.01,0.01,0.003,5.5409007
-0.033,0.011,0.0,0.0,-0.0,1.0,2.4,40800.0,0.009,0,0.01,0.01,0.003,4.4180775
-0.033,0.022,0.0,0.0,-0.0,1.0,2.4,40800.0,0.009,0,0.01,0.01,0.003,7.5592957
-0.033,0.033,0.0,0.0,-0.0,1.0,2.4,40800.0,0.009,0,0.01,0.01,0.003,9.179683
-0.033,0.044,0.0,0.0,-0.0,1.0,2.4,40800.0,0.009,0,0.01,0.01,0.003,3.4808152
-0.033,0.055,0.0,0.0,-0.0,1.0,2.4,40800.0,0.009,0,0.01,0.01,0.003,3.3819094
-0.033,0.066,0.0,0.0,-0.0,1.0,2.4,40800.0,0.009,0,0.01,0.01,0.003,9.112559
-0.033,0.077,0.0,0.0,-0.0,1.0,2.4,40800.0,0.009,0,0.01,0.01,0.003,8.251558
-0.033,0.088,0.0,0.0,-0.0,1.0,2.4,40800.0,0.009,0,0.01,0.01,0.003,7.174686
-0.033,0.099,0.0,0.0,-0.0,1.0,2.4,40800.0,0.009,0,0.01,0.01,0.003,5.9423423
-0.044,-0.099,0.0,0.0,-0.0,1.0,2.4,40800.0,0.009,0,0.01,0.01,0.003,3.4728007
-0.044,-0.088,0.0,0.0,-0.0,1.0,2.4,40800.0,0.009,0,0.01,0.01,0.003,4.454207
-0.044,-0.077,0.0,0.0,-0.0,1.0,2.4,40800.0,0.009,0,0.01,0.01,0.003,5.2316775
-0.044,-0.066,0.0,0.0,-0.0,1.0,2.4,40800.0,0.009,0,0.01,0.01,0.003,5.733457
-0.044,-0.055,0.0,0.0,-0.0,1.0,2.4,40800.0,0.009,0,0.01,0.01,0.003,5.855217
-0.044,-0.044,0.0,0.0,-0.0,1.0,2.4,40800.0,0.009,0,0.01,0.01,0.003,5.4444666
-0.044,-0.033,0.0,0.0,-0.0,1.0,2.4,40800.0,0.009,0,0.01,0.01,0.003,4.281667
-0.044,-0.022,0.0,0.0,-0.0,1.0,2.4,40800.0,0.009,0,0.01,0.01,0.003,8.350899
-0.044,-0.011,0.0,0.0,-0.0,1.0,2.4,40800.0,0.009,0,0.01,0.01,0.003,4.728688
-0.044,-0.0,0.0,0.0,-0.0,1.0,2.4,40800.0,0.009,0,0.01,0.01,0.003,5.6603804
-0.044,0.011,0.0,0.0,-0.0,1.0,2.4,40800.0,0.009,0,0.01,0.01,0.003,4.7286997
-0.044,0.022,0.0,0.0,-0.0,1.0,2.4,40800.0,0.009,0,0.01,0.01,0.003,8.35092
-0.044,0.033,0.0,0.0,-0.0,1.0,2.4,40800.0,0.009,0,0.01,0.01,0.003,4.281694
-0.044,0.044,0.0,0.0,-0.0,1.0,2.4,40800.0,0.009,0,0.01,0.01,0.003,5.4444995
-0.044,0.055,0.0,0.0,-0.0,1.0,2.4,40800.0,0.009,0,0.01,0.01,0.003,5.8552527
-0.044,0.066,0.0,0.0,-0.0,1.0,2.4,40800.0,0.009,0,0.01,0.01,0.003,5.733493
-0.044,0.077,0.0,0.0,-0.0,1.0,2.4,40800.0,0.009,0,0.01,0.01,0.003,5.2317076
-0.044,0.088,0.0,0.0,-0.0,1.0,2.4,40800.0,0.009,0,0.01,0.01,0.003,4.454237
-0.044,0.099,0.0,0.0,-0.0,1.0,2.4,40800.0,0.009,0,0.01,0.01,0.003,3.4728367
-0.055,-0.099,0.0,0.0,-0.0,1.0,2.4,40800.0,0.009,0,0.01,0.01,0.003,6.56986
-0.055,-0.088,0.0,0.0,-0.0,1.0,2.4,40800.0,0.009,0,0.01,0.01,0.003,7.2523017
-0.055,-0.077,0.0,0.0,-0.0,1.0,2.4,40800.0,0.009,0,0.01,0.01,0.003,7.6816425
-0.055,-0.066,0.0,0.0,-0.0,1.0,2.4,40800.0,0.009,0,0.01,0.01,0.003,7.778793
-0.055,-0.055,0.0,0.0,-0.0,1.0,2.4,40800.0,0.009,0,0.01,0.01,0.003,7.4350195
-0.055,-0.044,0.0,0.0,-0.0,1.0,2.4,40800.0,0.009,0,0.01,0.01,0.003,6.502413
-0.055,-0.033,0.0,0.0,-0.0,1.0,2.4,40800.0,0.009,0,0.01,0.01,0.003,4.786179
-0.055,-0.022,0.0,0.0,-0.0,1.0,2.4,40800.0,0.009,0,0.01,0.01,0.003,8.330696
-0.055,-0.011,0.0,0.0,-0.0,1.0,2.4,40800.0,0.009,0,0.01,0.01,0.003,4.3148603
-0.055,-0.0,0.0,0.0,-0.0,1.0,2.4,40800.0,0.009,0,0.01,0.01,0.003,5.09782
-0.055,0.011,0.0,0.0,-0.0,1.0,2.4,40800.0,0.009,0,0.01,0.01,0.003,4.3148665
-0.055,0.022,0.0,0.0,-0.0,1.0,2.4,40800.0,0.009,0,0.01,0.01,0.003,8.330711
-0.055,0.033,0.0,0.0,-0.0,1.0,2.4,40800.0,0.009,0,0.01,0.01,0.003,4.7862
-0.055,0.044,0.0,0.0,-0.0,1.0,2.4,40800.0,0.009,0,0.01,0.01,0.003,6.502437
-0.055,0.055,0.0,0.0,-0.0,1.0,2.4,40800.0,0.009,0,0.01,0.01,0.003,7.4350553
-0.055,0.066,0.0,0.0,-0.0,1.0,2.4,40800.0,0.009,0,0.01,0.01,0.003,7.7788286
-0.055,0.077,0.0,0.0,-0.0,1.0,2.4,40800.0,0.009,0,0.01,0.01,0.003,7.681679
-0.055,0.088,0.0,0.0,-0.0,1.0,2.4,40800.0,0.009,0,0.01,0.01,0.003,7.252338
-0.055,0.099,0.0,0.0,-0.0,1.0,2.4,40800.0,0.009,0,0.01,0.01,0.003,6.569896
-0.066,-0.099,0.0,0.0,-0.0,1.0,2.4,40800.0,0.009,0,0.01,0.01,0.003,9.027777
-0.066,-0.088,0.0,0.0,-0.0,1.0,2.4,40800.0,0.009,0,0.01,0.01,0.003,9.383529
-0.066,-0.077,0.0,0.0,-0.0,1.0,2.4,40800.0,0.009,0,0.01,0.01,0.003,3.1590478
-0.066,-0.066,0.0,0.0,-0.0,1.0,2.4,40800.0,0.009,0,0.01,0.01,0.003,9.12244
-0.066,-0.055,0.0,0.0,-0.0,1.0,2.4,40800.0,0.009,0,0.01,0.01,0.003,8.318167
-0.066,-0.044,0.0,0.0,-0.0,1.0,2.4,40800.0,0.009,0,0.01,0.01,0.003,6.894459
-0.066,-0.033,0.0,0.0,-0.0,1.0,2.4,40800.0,0.009,0,0.01,0.01,0.003,4.686887
-0.066,-0.022,0.0,0.0,-0.0,1.0,2.4,40800.0,0.009,0,0.01,0.01,0.003,7.7936354
-0.066,-0.011,0.0,0.0,-0.0,1.0,2.4,40800.0,0.009,0,0.01,0.01,0.003,3.467183
-0.066,-0.0,0.0,0.0,-0.0,1.0,2.4,40800.0,0.009,0,0.01,0.01,0.003,4.136694
-0.066,0.011,0.0,0.0,-0.0,1.0,2.4,40800.0,0.009,0,0.01,0.01,0.003,3.467189
-0.066,0.022,0.0,0.0,-0.0,1.0,2.4,40800.0,0.009,0,0.01,0.01,0.003,7.7936535
-0.066,0.033,0.0,0.0,-0.0,1.0,2.4,40800.0,0.009,0,0.01,0.01,0.003,4.6869044
-0.066,0.044,0.0,0.0,-0.0,1.0,2.4,40800.0,0.009,0,0.01,0.01,0.003,6.8944826
-0.066,0.055,0.0,0.0,-0.0,1.0,2.4,40800.0,0.009,0,0.01,0.01,0.003,8.318203
-0.066,0.066,0.0,0.0,-0.0,1.0,2.4,40800.0,0.009,0,0.01,0.01,0.003,9.122477
-0.066,0.077,0.0,0.0,-0.0,1.0,2.4,40800.0,0.009,0,0.01,0.01,0.003,3.1590776
-0.066,0.088,0.0,0.0,-0.0,1.0,2.4,40800.0,0.009,0,0.01,0.01,0.003,9.383558
-0.066,0.099,0.0,0.0,-0.0,1.0,2.4,40800.0,0.009,0,0.01,0.01,0.003,9.027819
-0.077,-0.099,0.0,0.0,-0.0,1.0,2.4,40800.0,0.009,0,0.01,0.01,0.003,4.642425
-0.077,-0.088,0.0,0.0,-0.0,1.0,2.4,40800.0,0.009,0,0.01,0.01,0.003,4.660725
-0.077,-0.077,0.0,0.0,-0.0,1.0,2.4,40800.0,0.009,0,0.01,0.01,0.003,4.346397
-0.077,-0.066,0.0,0.0,-0.0,1.0,2.4,40800.0,0.009,0,0.01,0.01,0.003,3.6198893
-0.077,-0.055,0.0,0.0,-0.0,1.0,2.4,40800.0,0.009,0,0.01,0.01,0.003,8.665997
-0.077,-0.044,0.0,0.0,-0.0,1.0,2.4,40800.0,0.009,0,0.01,0.01,0.003,6.800149
-0.077,-0.033,0.0,0.0,-0.0,1.0,2.4,40800.0,0.009,0,0.01,0.01,0.003,4.1705704
-0.077,-0.022,0.0,0.0,-0.0,1.0,2.4,40800.0,0.009,0,0.01,0.01,0.003,6.9185233
-0.077,-0.011,0.0,0.0,-0.0,1.0,2.4,40800.0,0.009,0,0.01,0.01,0.003,8.630469
-0.077,-0.0,0.0,0.0,-0.0,1.0,2.4,40800.0,0.009,0,0.01,0.01,0.003,9.212591
-0.077,0.011,0.0,0.0,-0.0,1.0,2.4,40800.0,0.009,0,0.01,0.01,0.003,8.630476
-0.077,0.022,0.0,0.0,-0.0,1.0,2.4,40800.0,0.009,0,0.01,0.01,0.003,6.918535
-0.077,0.033,0.0,0.0,-0.0,1.0,2.4,40800.0,0.009,0,0.01,0.01,0.003,4.1705885
-0.077,0.044,0.0,0.0,-0.0,1.0,2.4,40800.0,0.009,0,0.01,0.01,0.003,6.800173
-0.077,0.055,0.0,0.0,-0.0,1.0,2.4,40800.0,0.009,0,0.01,0.01,0.003,8.666015
-0.077,0.066,0.0,0.0,-0.0,1.0,2.4,40800.0,0.009,0,0.01,0.01,0.003,3.619919
-0.077,0.077,0.0,0.0,-0.0,1.0,2.4,40800.0,0.009,0,0.01,0.01,0.003,4.346427
-0.077,0.088,0.0,0.0,-0.0,1.0,2.4,40800.0,0.009,0,0.01,0.01,0.003,4.660761
-0.077,0.099,0.0,0.0,-0.0,1.0,2.4,40800.0,0.009,0,0.01,0.01,0.003,4.642473
-0.088,-0.099,0.0,0.0,-0.0,1.0,2.4,40800.0,0.009,0,0.01,0.01,0.003,6.055635
-0.088,-0.088,0.0,0.0,-0.0,1.0,2.4,40800.0,0.009,0,0.01,0.01,0.003,5.7384844
-0.088,-0.077,0.0,0.0,-0.0,1.0,2.4,40800.0,0.009,0,0.01,0.01,0.003,5.0622864
-0.088,-0.066,0.0,0.0,-0.0,1.0,2.4,40800.0,0.009,0,0.01,0.01,0.003,3.9523435
-0.088,-0.055,0.0,0.0,-0.0,1.0,2.4,40800.0,0.009,0,0.01,0.01,0.003,8.603452
-0.088,-0.044,0.0,0.0,-0.0,1.0,2.4,40800.0,0.009,0,0.01,0.01,0.003,6.348272
-0.088,-0.033,0.0,0.0,-0.0,1.0,2.4,40800.0,0.009,0,0.01,0.01,0.003,3.3605924
-0.088,-0.022,0.0,0.0,-0.0,1.0,2.4,40800.0,0.009,0,0.01,0.01,0.003,5.8145366
-0.088,-0.011,0.0,0.0,-0.0,1.0,2.4,40800.0,0.009,0,0.01,0.01,0.003,7.3313975
-0.088,-0.0,0.0,0.0,-0.0,1.0,2.4,40800.0,0.009,0,0.01,0.01,0.003,7.8449636
-0.088,0.011,0.0,0.0,-0.0,1.0,2.4,40800.0,0.009,0,0.01,0.01,0.003,7.3314037
-0.088,0.022,0.0,0.0,-0.0,1.0,2.4,40800.0,0.009,0,0.01,0.01,0.003,5.8145485
-0.088,0.033,0.0,0.0,-0.0,1.0,2.4,40800.0,0.009,0,0.01,0.01,0.003,3.3606105
-0.088,0.044,0.0,0.0,-0.0,1.0,2.4,40800.0,0.009,0,0.01,0.01,0.003,6.3482957
-0.088,0.055,0.0,0.0,-0.0,1.0,2.4,40800.0,0.009,0,0.01,0.01,0.003,8.603481
-0.088,0.066,0.0,0.0,-0.0,1.0,2.4,40800.0,0.009,0,0.01,0.01,0.003,3.9523675
-0.088,0.077,0.0,0.0,-0.0,1.0,2.4,40800.0,0.009,0,0.01,0.01,0.003,5.0623164
-0.088,0.088,0.0,0.0,-0.0,1.0,2.4,40800.0,0.009,0,0.01,0.01,0.003,5.738508
-0.088,0.099,0.0,0.0,-0.0,1.0,2.4,40800.0,0.009,0,0.01,0.01,0.003,6.0556707
-0.099,-0.099,0.0,0.0,-0.0,1.0,2.4,40800.0,0.009,0,0.01,0.01,0.003,7.0529804
-0.099,-0.088,0.0,0.0,-0.0,1.0,2.4,40800.0,0.009,0,0.01,0.01,0.003,6.411057
-0.099,-0.077,0.0,0.0,-0.0,1.0,2.4,40800.0,0.009,0,0.01,0.01,0.003,5.392278
-0.099,-0.066,0.0,0.0,-0.0,1.0,2.4,40800.0,0.009,0,0.01,0.01,0.003,3.9283392
-0.099,-0.055,0.0,0.0,-0.0,1.0,2.4,40800.0,0.009,0,0.01,0.01,0.003,8.224756
-0.099,-0.044,0.0,0.0,-0.0,1.0,2.4,40800.0,0.009,0,0.01,0.01,0.003,5.6299973
-0.099,-0.033,0.0,0.0,-0.0,1.0,2.4,40800.0,0.009,0,0.01,0.01,0.003,8.622105
-0.099,-0.022,0.0,0.0,-0.0,1.0,2.4,40800.0,0.009,0,0.01,0.01,0.003,4.5501885
-0.099,-0.011,0.0,0.0,-0.0,1.0,2.4,40800.0,0.009,0,0.01,0.01,0.003,5.9092536
-0.099,-0.0,0.0,0.0,-0.0,1.0,2.4,40800.0,0.009,0,0.01,0.01,0.003,6.367968
-0.099,0.011,0.0,0.0,-0.0,1.0,2.4,40800.0,0.009,0,0.01,0.01,0.003,5.90926
-0.099,0.022,0.0,0.0,-0.0,1.0,2.4,40800.0,0.009,0,0.01,0.01,0.003,4.5501947
-0.099,0.033,0.0,0.0,-0.0,1.0,2.4,40800.0,0.009,0,0.01,0.01,0.003,8.622123
-0.099,0.044,0.0,0.0,-0.0,1.0,2.4,40800.0,0.009,0,0.01,0.01,0.003,5.630009
-0.099,0.055,0.0,0.0,-0.0,1.0,2.4,40800.0,0.009,0,0.01,0.01,0.003,8.224773
-0.099,0.066,0.0,0.0,-0.0,1.0,2.4,40800.0,0.009,0,0.01,0.01,0.003,3.928363
-0.099,0.077,0.0,0.0,-0.0,1.0,2.4,40800.0,0.009,0,0.01,0.01,0.003,5.392308
-0.099,0.088,0.0,0.0,-0.0,1.0,2.4,40800.0,0.009,0,0.01,0.01,0.003,6.411093
-0.099,0.099,0.0,0.0,-0.0,1.0,2.4,40800.0,0.009,0,0.01,0.01,0.003,7.053028
